Title   ,    Link
Selenium with Cucumber (BDD Framework) - Guru99   ,    null
People also ask   ,    null
   ,    null
   ,    null
   ,    null
   ,    null
Cucumber Automation Framework with Selenium in Java   ,    null
Videos   ,    null
BDD (Behavior Driven Development) Framework - Software ...   ,    null
Automation Testing Using Cucumber Tool and Selenium   ,    null
Cucumber with Selenium for Test Automation: Tutorial   ,    null
Step-by-Step Implementation Process of BDD Framework ...   ,    null
Selenium Webdriver with Cucumber BDD Automation ...   ,    null
Selenium vs Cucumber Explained: Quick Guide to ... - Perfecto   ,    null
Related searches   ,    null
